{
    "host_id": "0",
    "cam0_K": [
        [
            341.7625359767313,
            0.0,
            303.46008662938164
        ],
        [
            0.0,
            342.10683551618723,
            164.98475092470252
        ],
        [
            0.0,
            0.0,
            1.0
        ]
    ],
    "cam0_d":  [
        [
            -0.33929079844794546,
            0.13753535101320785,
            -2.6372346801683593e-05,
            1.1571439688250129e-05,
            -0.02927107130972377
        ]
    ],
    "cam1_K":   [
        [
            340.76206487870974,
            0.0,
            308.26510570816833
        ],
        [
            0.0,
            341.2288414035334,
            181.6033315190591
        ],
        [
            0.0,
            0.0,
            1.0
        ]
    ],
    "cam1_d":  [
        [
            -0.3310488001539305,
            0.12407589941354782,
            0.0007815348050181702,
            -0.0016444055886499728,
            -0.0229053739788282
        ]
    ],
    "cam2_K":   [
        [
            344.14128872939267,
            0.0,
            321.57342160401726
        ],
        [
            0.0,
            344.2812376531111,
            185.4464217481026
        ],
        [
            0.0,
            0.0,
            1.0
        ]
    ],
    "cam2_d":  [
        [
            -0.33366769844722505,
            0.12920532141173244,
            -0.0011266398185614587,
            -0.0014904842031317994,
            -0.025112122149273025
        ]
    ],
    "cam3_K":  [
        [
            344.07620097863776,
            0.0,
            319.2623045316651
        ],
        [
            0.0,
            344.1160185967848,
            170.08428397148975
        ],
        [
            0.0,
            0.0,
            1.0
        ]
    ],
    "cam3_d":  [
        [
            -0.32939643035355565,
            0.12359399970198948,
            0.0008977946994699929,
            0.00044934973196309933,
            -0.02330692130318692
        ]
    ],
    "cam_body": [[0,0,0]]
}