{
    "host_id": "1",
    "cam0_K":  [
        [
            344.18799684840667,
            0.0,
            321.31627266325734
        ],
        [
            0.0,
            344.1469346479473,
            188.50879517623898
        ],
        [
            0.0,
            0.0,
            1.0
        ]
    ],
    "cam0_d":  [
        [
            -0.3213082183824561,
            0.10951492905420136,
            0.000298851355817633,
            -5.5103315792387144e-05,
            -0.01751846373567952
        ]
    ],
    "cam1_K":   [
        [
            342.91114394447925,
            0.0,
            317.2244596998791
        ],
        [
            0.0,
            343.4224969844242,
            193.12674682345093
        ],
        [
            0.0,
            0.0,
            1.0
        ]
    ],
    "cam1_d":   [
        [
            -0.3289476068342496,
            0.12019785557759777,
            -0.0003282107886415651,
            0.0008024439018081941,
            -0.02166120506520472
        ]
    ],
    "cam2_K":   [
        [
            340.8084869941334,
            0.0,
            323.49171581885
        ],
        [
            0.0,
            341.33812279894687,
            167.95065296298128
        ],
        [
            0.0,
            0.0,
            1.0
        ]
    ],
    "cam2_d":  [
        [
            -0.31612336185324563,
            0.105313135619552,
            0.0012844015492710372,
            0.0002974225432135189,
            -0.01653418106009167
        ]
    ],
    "cam3_K":   [
        [
            344.5880710203605,
            0.0,
            317.2521837024175
        ],
        [
            0.0,
            345.0077332986534,
            180.6943603182671
        ],
        [
            0.0,
            0.0,
            1.0
        ]
    ],
    "cam3_d":  [
        [
            -0.3253140483826685,
            0.11855098200980561,
            0.0005679557099804097,
            -4.5873960656053566e-05,
            -0.021408864660849923
        ]
    ],
    "cam_body": [[0,-0.4,0.1]]
}