{
    "host_id": "2",
    "cam0_K": [
        [
            343.3376415518053,
            0.0,
            318.6880682950366
        ],
        [
            0.0,
            343.19788574724464,
            164.92512786683727
        ],
        [
            0.0,
            0.0,
            1.0
        ]
    ],

    "cam0_d":  [
        [
            -0.3511628916218544,
            0.1687780231780601,
            0.0013651598044233442,
            -0.0009647248785786805,
            -0.04706859308009471
        ]
    ],
    "cam1_K":   [
        [
            341.8700729030687,
            0.0,
            321.06383421515346
        ],
        [
            0.0,
            342.66671912076356,
            175.74271901723472
        ],
        [
            0.0,
            0.0,
            1.0
        ]
    ],
    "cam1_d":  [
        [
            -0.33944556799219133,
            0.14165136802446787,
            -0.0027611354876314158,
            -0.001131042726552756,
            -0.03095609075971914
        ]
    ],
    "cam2_K":   [
        [
            343.82871451128995,
            0.0,
            327.054561033761
        ],
        [
            0.0,
            344.3414155927939,
            181.67342851153722
        ],
        [
            0.0,
            0.0,
            1.0
        ]
    ],
    "cam2_d":  [
        [
            -0.34812326801845994,
            0.15421260531786918,
            -0.0012320672256029644,
            0.001072492362412067,
            -0.03703293732951618
        ]
    ],
    "cam3_K":   [
        [
            343.4151878705193,
            0.0,
            310.4237689795705
        ],
        [
            0.0,
            343.319597845652,
            164.41715723736266
        ],
        [
            0.0,
            0.0,
            1.0
        ]
    ],
    "cam3_d":  [
        [
            -0.3337733530741632,
            0.13167838557138087,
            -6.797100412759554e-05,
            0.00035959018437918674,
            -0.026783369757384556
        ]
    ],
    "cam_body": [[0,-0.4,0.12566]]
}