{
    "host_id": "1",
    "cam0_K":  [
        [
            336.86447937175546,
            0.0,
            318.96523434939957
        ],
        [
            0.0,
            337.0392439402519,
            171.87114253870672
        ],
        [
            0.0,
            0.0,
            1.0
        ]
    ],
    "cam0_d":  [
        [
            -0.34930215019970545,
            0.153207833382404,
            0.0018550522454395507,
            0.00014695031136638612,
            -0.03623300861487102
        ]
    ],
    "cam1_K":   [
        [
            345.5639922186097,
            0.0,
            327.8212001701785
        ],
        [
            0.0,
            346.0947055442125,
            182.21959778861057
        ],
        [
            0.0,
            0.0,
            1.0
        ]
    ],
    "cam1_d":   [
        [
            -0.3219221454638256,
            0.1113597699359086,
            -0.0014166444585671622,
            0.0009920250526630832,
            -0.01811067784102527
        ]
    ],
    "cam2_K":   [
        [
            343.696703887444,
            0.0,
            315.696195758457
        ],
        [
            0.0,
            344.05650172973174,
            187.84259755972596
        ],
        [
            0.0,
            0.0,
            1.0
        ]
    ],
    "cam2_d":  [
        [
            -0.32578317898175174,
            0.11665987138154078,
            0.0006897269198860409,
            0.0014704361581523416,
            -0.020135992877486582
        ]
    ],
    "cam3_K":   [
        [
            350.21172105027665,
            0.0,
            328.52897703486013
        ],
        [
            0.0,
            350.50145254615876,
            180.14863356755527
        ],
        [
            0.0,
            0.0,
            1.0
        ]
    ],
    "cam3_d":  [
        [
            -0.32654086466758153,
            0.12319531198428549,
            0.0004462720800670247,
            -0.00013901760355810962,
            -0.02346949084816398
        ]
    ],
    "cam_body": [[0.1112,0,-0.1054]]
}