{
    "host_id": "4",
    "cam0_K":  [
        [
            343.8817208879668,
            0.0,
            335.92391654456674
        ],
        [
            0.0,
            343.7210490063544,
            194.63023099452263
        ],
        [
            0.0,
            0.0,
            1.0
        ]
    ],
    "cam0_d":  [
        [
            -0.33522815659352506,
            0.13600423331707617,
            -0.0006926619245521064,
            -0.0006817908075382104,
            -0.028820283245256362
        ]
    ],
    "cam1_K":   [
        [
            342.519817728363,
            0.0,
            317.64270006657455
        ],
        [
            0.0,
            342.5373584883103,
            169.59496994325931
        ],
        [
            0.0,
            0.0,
            1.0
        ]
    ],
    "cam1_d":   [
        [
            -0.3320873578644056,
            0.12557670666129409,
            0.0002572322958503829,
            -0.0002861417014502774,
            -0.023558177823583704
        ]
    ],
    "cam2_K":   [
        [
            342.8324576976532,
            0.0,
            313.1797487710401
        ],
        [
            0.0,
            342.66044384241474,
            195.42993476497978
        ],
        [
            0.0,
            0.0,
            1.0
        ]
    ],
    "cam2_d":  [
        [
            -0.32310896715707815,
            0.1116239026646768,
            -0.0008208063965057579,
            -0.0006329180117661764,
            -0.01802553954107571
        ]
    ],
    "cam3_K":   [
        [
            341.67467284139406,
            0.0,
            319.7155259557976
        ],
        [
            0.0,
            342.6852153594412,
            200.24500653991194
        ],
        [
            0.0,
            0.0,
            1.0
        ]
    ],
    "cam3_d":  [
        [
            -0.3273490183252909,
            0.11815701647448894,
            9.2348482129044e-05,
            0.0002643859469068981,
            -0.02059054134568029
        ]
    ],
    "cam_body": [[0,0,0]]
}